Alternatif,Skor Akhir
Kampus A,0.2915799358393591
Kampus B,0.21859489336000046
Kampus C,0.1458638495244933
Kampus D,0.1680817107984752
Kampus E,0.175879610477672
Kampus F,0.25051318256152527
Kampus G,0.18140510663999956
Kampus H,0.2
Kampus I,0.17943066833051277
Kampus J,0.22412038952232802
